{"gMm8HVNUSXn681nAJ6VDrg==":"ewr.logo.front.layout.001-glow.wallpaper-1920x1080.jpg","KTvViwO+WOvE+Qgjdq8bHw==":"8d1e2c17-deb5-4474-885d-a7c1d1c8122f-122x122.png","gdvcoM4X3hfryKstf2Xbbw==":"8d1e2c17-deb5-4474-885d-a7c1d1c8122f-192x192.png","LCOP3CKRLBgJ4mvgu/6IYw==":"background-1920x1080.jpg","b5nlEDkOfYjyyPXYP9WFEA==":"background-1-1920x1080.jpg","V3msXoKjsWFqtCWuYaFXhw==":"background-2-1920x1080.jpg","UAc7kepzJPkrSn4uqTRvmw==":"background4.jpg","x+05goHE8QeQ99u1H4P4ew==":"base+bear+pic-300x400.jpg","qKnCAJhz7EbrY3ax2+96rg==":"img-7314-300x298.jpg","5BgLrODzk7HoNMTfuIFwtg==":"us+two-225x225.jpg","YOgjI2T4qQtMlm41PRSK1g==":"fb_img-1553410390850-300x300.jpg","uPsfzUOwhP0S1YQByzfsJQ==":"img-5315-300x309.jpg","C8QjZpeZjolDiS2j5U6Kfg==":"wellenwert.music.artist.portrait_cube-normal-300x300.jpg","AGdrs/WAZisglA/dNr3I9w==":"rs+logo-300x450.png","lDfQ+qDWWn0rKPkpaIXdrw==":"rs+logo-1-300x450.png","5F2pxMVQYwER3oY4u+UuYg==":"radioking_logo+carre-192x161.png","0LuNeMPKLTnzifoWGvWpyw==":"aptanavfs4668473641484221584124254-640x426.jpg","WTW/w0RtFwtujhTH6eF93w==":"nightclub-1776x999.jpg","ryOtv3XZ0QF68tZVw7Q/Ug==":"ewr.logo.front.layout.001-glow.wallpaper-1-1920x1080.jpg","6I/gfm1APZWMJSbceiUKHA==":"ewr.website.logo.cube.v1-96x96.png","fFGQorwmqakzjPk/0eqLGQ==":"ewr.website.logo.cube.v1-128x129.png"}